{"cameraMode":{"drawMode":0,"name":"Shaded","section":"Shading Mode"},"sceneLighting":true,"audioPlay":false,"sceneViewState":{"m_AlwaysRefresh":false,"showFog":true,"showSkybox":true,"showFlares":true,"showImageEffects":true,"showParticleSystems":true,"showVisualEffectGraphs":true,"m_FxEnabled":true},"in2DMode":false,"pivot":{"x":-1.1183778047561646,"y":0.16974449157714845,"z":3.221466064453125},"rotation":{"x":-0.7326309680938721,"y":0.04073803871870041,"z":0.0440017431974411,"w":0.6780039668083191},"size":2.8503758907318117,"orthographic":true}