{"cameraMode":{"drawMode":0,"name":"Shaded","section":"Shading Mode"},"sceneLighting":true,"audioPlay":false,"sceneViewState":{"m_AlwaysRefresh":false,"showFog":true,"showSkybox":true,"showFlares":true,"showImageEffects":true,"showParticleSystems":true,"showVisualEffectGraphs":true,"m_FxEnabled":true},"in2DMode":false,"pivot":{"x":0.3577093482017517,"y":1.9024157524108887,"z":2.394456148147583},"rotation":{"x":0.003342967014759779,"y":-0.9912665486335754,"z":0.1304977387189865,"w":0.02488991618156433},"size":3.4213314056396486,"orthographic":true}