{"cameraMode":{"drawMode":0,"name":"Shaded","section":"Shading Mode"},"sceneLighting":true,"audioPlay":false,"sceneViewState":{"m_AlwaysRefresh":false,"showFog":true,"showSkybox":true,"showFlares":true,"showImageEffects":true,"showParticleSystems":true,"showVisualEffectGraphs":true,"m_FxEnabled":true},"in2DMode":false,"pivot":{"x":-0.6669442653656006,"y":-1.8222150802612305,"z":-0.37493303418159487},"rotation":{"x":-0.034032512456178668,"y":-0.21476173400878907,"z":0.007716635707765818,"w":-0.97621089220047},"size":11.366003036499024,"orthographic":true}